{
    "model_architecture": "Single Layer LSTM",
    "training_parameters": {
        "epochs": 50,
        "batch_size": 64,
        "sequence_length": 50
    },
    "dataset_info": {
        "training_samples": 7960,
        "testing_samples": 1991,
        "features_per_timestep": 7
    },
    "training_history": {
        "accuracy": [
            0.9329145550727844,
            0.9477387070655823,
            0.9487437009811401,
            0.9537688493728638,
            0.9510050415992737,
            0.9368090629577637,
            0.9575377106666565,
            0.9663316607475281,
            0.9564070105552673,
            0.9496231079101562,
            0.9615578055381775,
            0.9693467617034912,
            0.968216061592102,
            0.9664573073387146,
            0.9484924674034119,
            0.9526382088661194,
            0.9628140926361084,
            0.9452261328697205,
            0.9599246382713318,
            0.9714823961257935,
            0.9746231436729431,
            0.967587947845459,
            0.9776381850242615,
            0.977512538433075,
            0.9809045195579529,
            0.9785175919532776,
            0.9805276393890381,
            0.9634422063827515,
            0.9094220995903015,
            0.9265075325965881,
            0.9383165836334229,
            0.933668315410614,
            0.9537688493728638,
            0.9581658244132996,
            0.9660804271697998,
            0.9711055159568787,
            0.9600502252578735,
            0.9659547805786133,
            0.969723641872406,
            0.9768844246864319,
            0.9380653500556946,
            0.9476130604743958,
            0.9575377106666565,
            0.9685929417610168,
            0.9707286357879639,
            0.9663316607475281,
            0.9750000238418579,
            0.9780150651931763,
            0.9731155633926392,
            0.9806532859802246
        ],
        "loss": [
            0.26185983419418335,
            0.2241288274526596,
            0.20015786588191986,
            0.18439005315303802,
            0.19252626597881317,
            0.23269006609916687,
            0.17075616121292114,
            0.1381494104862213,
            0.19796913862228394,
            0.21814003586769104,
            0.15916170179843903,
            0.12503203749656677,
            0.1278514266014099,
            0.136847123503685,
            0.22084449231624603,
            0.17760159075260162,
            0.15803441405296326,
            0.22927173972129822,
            0.15913137793540955,
            0.12328432500362396,
            0.10615915060043335,
            0.13432760536670685,
            0.1019793450832367,
            0.08896607905626297,
            0.08681600540876389,
            0.09336075931787491,
            0.0827428475022316,
            0.15315234661102295,
            0.42628026008605957,
            0.31071338057518005,
            0.25286000967025757,
            0.3596193492412567,
            0.17866414785385132,
            0.16409774124622345,
            0.13360615074634552,
            0.11455436050891876,
            0.14161799848079681,
            0.13337776064872742,
            0.11748388409614563,
            0.10393521934747696,
            0.21576139330863953,
            0.21934790909290314,
            0.1598786562681198,
            0.12752798199653625,
            0.12415743619203568,
            0.13692954182624817,
            0.10216014087200165,
            0.09641026705503464,
            0.09913710504770279,
            0.08136942982673645
        ],
        "val_accuracy": [
            0.922149658203125,
            0.9296835660934448,
            0.9216474294662476,
            0.9432445764541626,
            0.9131090044975281,
            0.9276745319366455,
            0.9452536702156067,
            0.9467604160308838,
            0.9110999703407288,
            0.9412355422973633,
            0.9412355422973633,
            0.9462581872940063,
            0.939226508140564,
            0.9417378306388855,
            0.9326971173286438,
            0.9457558989524841,
            0.9126067161560059,
            0.930185854434967,
            0.9457558989524841,
            0.9477649331092834,
            0.9497739672660828,
            0.9452536702156067,
            0.9487694501876831,
            0.9568056464195251,
            0.953289806842804,
            0.9522852897644043,
            0.9497739672660828,
            0.9045705795288086,
            0.8905072808265686,
            0.9040682911872864,
            0.9110999703407288,
            0.9166247844696045,
            0.9311903715133667,
            0.9326971173286438,
            0.9422400593757629,
            0.9477649331092834,
            0.9352084398269653,
            0.9497739672660828,
            0.9487694501876831,
            0.950276255607605,
            0.9407333135604858,
            0.9181315898895264,
            0.9296835660934448,
            0.9452536702156067,
            0.9397287964820862,
            0.9492717385292053,
            0.9412355422973633,
            0.947262704372406,
            0.950276255607605,
            0.9517830014228821
        ],
        "val_loss": [
            0.21844209730625153,
            0.19128839671611786,
            0.21653638780117035,
            0.16862082481384277,
            0.22812888026237488,
            0.19811703264713287,
            0.15559343993663788,
            0.15468166768550873,
            0.29360342025756836,
            0.17449453473091125,
            0.180441215634346,
            0.16392749547958374,
            0.18438182771205902,
            0.17897304892539978,
            0.19796039164066315,
            0.16230511665344238,
            0.24492278695106506,
            0.20884470641613007,
            0.16576345264911652,
            0.16409842669963837,
            0.15845614671707153,
            0.1691962480545044,
            0.1642262190580368,
            0.1625359058380127,
            0.1676085740327835,
            0.16536785662174225,
            0.16790451109409332,
            0.3035842478275299,
            0.2626684308052063,
            0.2466098666191101,
            0.2306070178747177,
            0.22421710193157196,
            0.19066818058490753,
            0.1860881894826889,
            0.16954635083675385,
            0.1579436957836151,
            0.17536906898021698,
            0.15647882223129272,
            0.16375042498111725,
            0.1609276682138443,
            0.1666470319032669,
            0.24613556265830994,
            0.21505394577980042,
            0.1787640005350113,
            0.19481728971004486,
            0.17642994225025177,
            0.1782056838274002,
            0.17245714366436005,
            0.163936585187912,
            0.16199924051761627
        ]
    },
    "final_evaluation": {
        "test_loss": 0.16199921071529388,
        "test_accuracy": 0.9517830014228821
    }
}